Market Name,4 Week Rate,4 Week TRP,CPP,CPM,Latitude,Longitude
Aberdeen SD (CBSA),3082.5,1000,3,8.5,45.464699,-98.486483
Abilene TX (CBSA),3502.0833333333,766.6666666667,5.25,3.3333333333,32.448736,-99.733144
Adrian MI (CBSA),2550,200,6.5,6.5,41.897547,-84.037166
Alamogordo NM (CBSA),3333.3333333333,766.6666666667,5.6666666667,9.3333333333,32.899533,-105.960265
Albany-Schenectady-Troy (DMA),34427.5,500,73.625,6,42.791803,-73.873271
Albany-Schenectady-Troy NY (CBSA),21228.8888888889,555.5555555556,41.8888888889,5.4444444444,42.791803,-73.873271
Albertville AL (CBSA),1600,400,4,4,34.267594,-86.208867
Albuquerque,26946.8125,156.25,44.0625,2.986875,35.085334,-106.605553
Albuquerque-Santa Fe (DMA),17200,250,70,4.5,35.075694,-106.65618
Alexandria LA (CBSA),4952.7777777778,844.4444444444,7.2777777778,5.7222222222,31.311294,-92.445137
Alexandria LA (DMA),7282.3529411765,800,10.2352941176,5.1176470588,31.311294,-92.445137
Alexandria MN (CBSA),892.5,300,3,7,45.884816,-95.377666
Alice TX  (CBSA),1459,700,2.3,6.2,45.884816,-95.377666
Allentown-Bethlehem-Easton PA-NJ (CBSA),19712.5,475,41.375,5.75,40.058324,-74.405661
Alma MI (CBSA),2040,720,3,7,43.37892,-84.659727
Altoona PA (CBSA),11276.3125,1025,11.6875,10.4375,40.518681,-78.394736
Amarillo TX  (CBSA),12340.4166666667,1000,13.6666666667,6.75,40.518681,-78.394736
Ames IA  (CBSA),1050,333.3333333333,3.3333333333,3.6666666667,35.221997,-101.831297
Angola IN (CBSA),1500,300,6,12,41.634773,-84.999409
Ann Arbor MI (CBSA),4500,200,23,7,42.280826,-83.743038
Anniston-Oxford AL (CBSA),4985.6,860,5.6,5.6,33.589824,-85.851965
Appleton WI (CBSA),4956.25,500,11,4.9166666667,44.261931,-88.415385
Arcadia FL (CBSA),1933.3333333333,400,5.3333333333,15.6666666667,27.215883,-81.858416
Asheville NC (CBSA),11542.8571428571,714.2857142857,15.1428571429,4,35.595058,-82.551487
Ashtabula OH (CBSA),7168.75,750,11.25,11.25,41.865053,-80.789809
Atchison KS (CBSA),1066.6666666667,466.6666666667,3,12,39.563052,-95.121636
Athens OH (CBSA),2000,200,10,12,39.32924,-82.101255
Athens TN (CBSA),1234.375,425,3.25,5.375,35.442851,-84.59299
Athens TX (CBSA),1740,400,5,6.4,32.204873,-95.855521
Athens-Clarke County GA  (CBSA),3000,200,15,8,32.204873,-95.855521
Atlanta,64242.25,156.25,106.3125,2.140625,33.748995,-84.387982
Atlanta-Sandy Springs-Marietta GA (CBSA),88831.25,850,132.25,3.25,33.888116,-84.46427
Auburn IN (CBSA),1500,600,2.8,7,41.366994,-85.058857
Auburn-Opelika AL (CBSA),7377.5294117647,1023.5294117647,7.3529411765,5.1764705882,32.613769,-85.435266
Austin (DMA),58266.6666666667,866.6666666667,78.1666666667,4.8333333333,30.267153,-97.743061
Austin-Round Rock TX (CBSA),56445.4545454545,854.5454545455,70.3636363636,4.8181818182,30.483571,-97.736778
Bainbridge GA  (CBSA),1012.5,400,2.75,10.5,30.483571,-97.736778
Bakersfield (DMA),44720.1818181818,945.4545454545,47.8181818182,8,35.373292,-119.018712
Bakersfield CA (CBSA),44720.1818181818,945.4545454545,47.8181818182,8,35.373292,-119.018712
Baltimore,122361.3125,156.25,205.6875,8.914375,39.290385,-76.612189
Baraboo WI (CBSA),1400,366.6666666667,4.1666666667,6.1666666667,43.471094,-89.744291
Bartlesville OK  (CBSA),1625,600,3.5,5.5,43.471094,-89.744291
Batavia NY (CBSA),2983.3333333333,400,7.6666666667,15.3333333333,42.998116,-78.187517
Batesville AR  (CBSA),595,300,2,5,42.998116,-78.187517
Baton Rouge (DMA),30347.75,1000,31.75,4,30.458283,-91.14032
Baton Rouge LA  (CBSA),17592.5833333333,883.3333333333,20.7916666667,3.1666666667,30.458283,-91.14032
Battle Creek MI (CBSA),2466.6666666667,400,7,4.3333333333,42.321152,-85.179714
Bay City MI (CBSA),4540,500,9.3333333333,9.3333333333,43.594468,-83.888865
Beatrice NE  (CBSA),247.5,300,1,4.5,43.594468,-83.888865
Beaumont-Port Arthur (DMA),9492.8571428572,914.2857142857,11,2.8571428571,29.950833,-94.020694
Beaumont-Port Arthur TX (CBSA),7860,914.2857142857,8.5714285714,2.8571428571,29.950833,-94.020694
Beckley WV (CBSA),2133.75,483.3333333333,4.6666666667,3.3333333333,37.77817,-81.188156
Bedford IN (CBSA),1246.1111111111,555.5555555556,3.3333333333,6,38.861162,-86.487215
Beeville TX  (CBSA),2620.8333333333,800,3.3333333333,11,38.861162,-86.487215
Bellefontaine OH (CBSA),1770,440,4.8,9.6,40.361164,-83.759656
Bemidji MN (CBSA),1761.25,300,6,13,47.487536,-94.885849
Big Spring TX (CBSA),1611.4285714286,342.8571428571,4.8571428571,11.1428571429,32.250398,-101.478735
Billings (DMA),3361,280,12.8,5,45.783286,-108.50069
Billings MT (CBSA),10944,440,18.4,11.2,45.783286,-108.50069
Birmingham (Anniston and Tuscaloosa) (DMA),185164,1600,116,8,33.520661,-86.80249
Birmingham-Hoover AL (CBSA),34889.3333333333,777.7777777778,40.7777777778,4.6666666667,33.33896,-86.851694
Blackfoot ID (CBSA),1050,300,3.5,8,43.190471,-112.344977
Blacksburg-Christiansburg-Radford VA (CBSA),4595,600,8,5,37.1705,-80.5189
Bloomington IL (CBSA),5566.6666666667,466.6666666667,12.6666666667,7.3333333333,40.484203,-88.993687
Bloomington IN (CBSA),7098.5714285714,457.1428571429,17,8.8571428571,39.165325,-86.526386
Bloomsburg-Berwick PA (CBSA),3000,500,6.5,8,41.026742,-76.358569
Bluefield WV-VA (CBSA),1563,430.7692307692,3.8461538462,3.7692307692,37.26984,-81.22232
Bluefield-Beckley-Oak Hill (DMA),6300,500,13.25,4.5,37.736791,-81.133031
Blytheville AR (CBSA),1455.7142857143,771.4285714286,2.2857142857,5.4285714286,35.927295,-89.918975
Bogalusa LA (CBSA),1312.5,300,4.5,8,30.79102,-89.848686
Boise City-Nampa ID (CBSA),11628.5714285714,400,30,6.1428571429,43.590999,-116.276786
Boone IA (CBSA),500,200,3,5,42.059705,-93.880227
Borger TX  (CBSA),908.3333333333,400,2,12,36.216795,-81.674552
Boston,266514,156.25,441.0625,8.63125,42.360083,-71.05888
Boulder CO  (CBSA),2300,200,12,4,43.193852,-71.572395
Bozeman MT (CBSA),1750,250,6.75,6.75,45.676998,-111.042934
Bradford PA (CBSA),6520,880,7.6,21.6,41.956495,-78.649163
Brainerd MN (CBSA),2010,333.3333333333,6.6666666667,8.1666666667,46.352673,-94.202008
Branson MO (CBSA),5100,1000,5.25,7.25,36.643673,-93.218514
Brenham TX (CBSA),1328.5714285714,371.4285714286,3.8571428571,10.7142857143,30.166883,-96.397744
Brevard NC (CBSA),1800,800,2.5,7,35.233447,-82.734292
Bridgeport-Stamford-Norwalk CT  (CBSA),38043.75,700,57.375,7.125,35.233447,-82.734292
Brookhaven MS (CBSA),1140,400,3.3333333333,9.3333333333,31.579059,-90.440651
Brookings SD (CBSA),1130,400,3.25,8,44.311357,-96.798388
Brunswick GA (CBSA),5705.3333333333,533.3333333333,11.6666666667,10.3333333333,31.149953,-81.491489
Buffalo - Niagara Region (DMA),43041.5833333333,500,89.75,6.75,42.886447,-78.878369
Buffalo-Niagara Falls NY (CBSA),33521.1111111111,711.1111111111,49.9444444444,5.2777777778,42.92748,-78.86771
Burley ID (CBSA),630,300,2,5,42.535743,-113.792795
Burlington IA-IL  (CBSA),1900,200,10,20,42.535743,-113.792795
Butte-Bozeman (DMA),2466.6666666667,200,12.6666666667,7.3333333333,45.667692,-111.248301
Butte-Silver Bow MT (CBSA),913,320,3,7.4,46.003823,-112.534778
Calhoun GA (CBSA),2078.5714285714,714.2857142857,3.1428571429,6.2857142857,34.502587,-84.951054
Canon City CO (CBSA),1550,400,4,7.5,38.449406,-105.225332
Canton IL (CBSA),1550,200,8,18,40.558095,-90.035117
Cape Coral-Fort Myers FL (CBSA),16800,575,32.625,5.625,26.558783,-81.922892
Cape Girardeau-Jackson MO-IL (CBSA),4200,620,7.3,8,37.382273,-89.666206
Carbondale IL (CBSA),3060,400,8.5714285714,5.2857142857,37.727273,-89.21675
Carlsbad-Artesia NM (CBSA),1733.3333333333,266.6666666667,7.6666666667,15,32.471881,-104.283697
Casper-Riverton (DMA),5083.3333333333,400,13,10,42.833548,-107.769516
Cedar Rapids IA (CBSA),10918.4615384615,938.4615384615,12.2307692308,5.4615384615,41.97788,-91.665623
Cedar Rapids-Waterloo-Iowa City & Dubuque (DMA),33181.7272727273,854.5454545455,40.8181818182,5.8181818182,42.500558,-90.664572
Cedartown GA (CBSA),1687.5,733.3333333333,2.8333333333,6.6666666667,34.011272,-85.256582
Celina OH (CBSA),1736,440,4.6,11,40.548936,-84.570234
Centralia IL (CBSA),983.3333333333,400,2.6666666667,7,38.528517,-89.131694
Champaign & Springfield-Decatur (DMA),22880,360,67.4,8.4,33.774828,-84.296312
Champaign-Urbana IL (CBSA),2500,200,13,6,40.110588,-88.20727
Charleston WV (CBSA),3214.25,300,11,5,38.34982,-81.632623
Charleston-Huntington (DMA),11379,200,57,5.75,38.412378,-82.427026
Charleston-Mattoon IL (CBSA),2270,360,7.2,11,39.481523,-88.368364
Charlotte-Gastonia-Concord NC-SC (CBSA),77550,840,93.8,5,33.836081,-81.163724
Charlottesville (DMA),8100,360,24.6,13.2,38.029306,-78.476678
Charlottesville VA (CBSA),11150,433.3333333333,27,13,38.029306,-78.476678
Chattanooga TN-GA (CBSA),7438.8888888889,666.6666666667,14,2.8888888889,35.04563,-85.30968
Cheyenne WY  (CBSA),2300,266.6666666667,10.3333333333,10,35.04563,-85.30968
Cheyenne-Scottsbluff (DMA),3375,300,14.5,10.5,41.876312,-103.637984
Chicago,140155.083333333,156.25,233.6666666667,3.1816666667,41.878114,-87.629798
Chicago (DMA),157600,500,326,4.25,41.878114,-87.629798
Chicago-Naperville-Joliet IL-IN-WI (CBSA),153087.5,500,315.375,4.25,43.78444,-88.787868
Chico CA  (CBSA),2121,200,11,6,43.78444,-88.787868
Chico-Redding CA (DMA),6363,400,16,4,39.75718,-121.830196
Chillicothe OH (CBSA),2867.1666666667,433.3333333333,7.3333333333,9.6666666667,39.33312,-82.982402
Cincinnati (DMA),34800,500,72,3.75,39.103118,-84.51202
Cincinnati-Middletown OH-KY-IN (CBSA),27641.25,500,57.625,3.375,39.103118,-84.51202
Clarksburg WV (CBSA),2548,400,6.6666666667,7.1111111111,39.280645,-80.344534
Clarksburg-Weston (DMA),5652.9,380,15.6,5.9,42.706945,-73.204908
Clarksdale MS (CBSA),1267.6666666667,533.3333333333,2.8333333333,12.1666666667,34.200109,-90.570932
Clarksville TN-KY (CBSA),10055.3571428571,685.7142857143,16.4285714286,6.0714285714,36.529771,-87.359453
Clearlake CA (CBSA),3712.3333333333,466.6666666667,10,15,38.958231,-122.626373
Cleveland,110788.5625,156.25,182.25,6.158125,41.49932,-81.694361
Cleveland MS (CBSA),1603.6666666667,366.6666666667,5,11.6666666667,33.744002,-90.724819
Cleveland TN (CBSA),1893.3333333333,400,5,4.3333333333,35.159518,-84.876611
Cleveland-Elyria-Mentor OH (CBSA),32475,300,110,6.5,41.666157,-81.339552
Clinton IA (CBSA),1473.125,525,3.5,6.5,41.844474,-90.188738
Coeur d'Alene ID  (CBSA),4950,533.3333333333,9.6666666667,6.3333333333,41.844474,-90.188738
Coldwater MI (CBSA),1466.6666666667,400,4,6.6666666667,41.940326,-85.000521
College Station-Bryan TX (CBSA),5600,342.8571428571,18.5714285714,7.5714285714,30.596189,-96.295852
Colorado Springs CO (CBSA),13625,528.5714285714,25.7857142857,4.7857142857,38.833882,-104.821363
Colorado Springs-Pueblo (DMA),16070.8333333333,433.3333333333,37.3333333333,4.9166666667,38.242836,-104.698743
Columbia SC (CBSA),20191.0714285714,885.7142857143,23.5,3.6428571429,34.00071,-81.034814
Columbus,42830.25,156.25,70.1875,3.75125,39.961176,-82.998794
Columbus GA (DMA),4773,200,24,5,32.460976,-84.987709
Columbus IN (CBSA),2783.3333333333,266.6666666667,11.3333333333,11.3333333333,39.20144,-85.92138
Columbus MS (CBSA),5096.5,1000,5.625,9.375,33.495674,-88.427263
Columbus NE (CBSA),807.25,500,1.75,5.25,41.430297,-97.35939
Columbus OH  (CBSA),39761.25,300,135.625,8.75,41.430297,-97.35939
Cookeville TN (CBSA),2917.8571428572,785.7142857143,4.4285714286,4,36.162839,-85.501642
Corinth MS (CBSA),2333.3333333333,755.5555555556,3.7777777778,9.8888888889,34.934255,-88.52227
Corpus Christi (DMA),13915.75,833.3333333333,17.5,3.5833333333,27.800583,-97.396381
Corpus Christi TX (CBSA),10655.5384615385,846.1538461538,13.3846153846,3.8461538462,27.800583,-97.396381
Coshocton OH (CBSA),2395,700,3.5,9,40.272015,-81.859576
Crawfordsville IN (CBSA),500,400,1,4,40.041154,-86.874452
Crestview-Fort Walton Beach-Destin FL (CBSA),8852.2222222222,933.3333333333,9.6666666667,4.5555555556,30.393534,-86.495783
Crossville TN (CBSA),1860,840,2.6,3.6,35.948957,-85.026901
Cullman AL (CBSA),3980,960,4.6,5.8,34.174821,-86.843612
Cumberland MD-WV (CBSA),7803.6,1200,6.6,7,39.652865,-78.762518
Dallas,78975,145.8333333333,136.9444444444,2.5005555556,32.776664,-96.796988
Dallas-Fort Worth-Arlington TX (CBSA),50775,400,155.5,3,32.743344,-97.026241
Dalton GA (CBSA),3184.6153846154,723.0769230769,5.3076923077,3.5384615385,34.769802,-84.970223
Danville IL (CBSA),1255.5555555556,511.1111111111,3,3.4444444444,40.124481,-87.630021
Danville KY (CBSA),2025,300,7,11,37.645633,-84.77217
Danville VA (CBSA),2500,200,13,10,36.585972,-79.395023
Daphne-Fairhope AL (CBSA),7688.3333333333,911.1111111111,9,5.5555555556,30.603833,-87.866136
Davenport-Moline-Rock Island IA-IL (CBSA),22575.0625,1000,23.0625,7.5,41.519018,-90.542196
Davenport-Rock Island-Moline (DMA),37201,800,50.375,8.125,41.519018,-90.542196
Dayton (DMA),44208.3333333333,1111.1111111111,42.2222222222,4.3333333333,39.758948,-84.191607
Dayton OH (CBSA),23460.7142857143,942.8571428571,29,4.1428571429,39.758948,-84.191607
De Ridder LA (CBSA),1438.75,1000,1.625,4.5,30.846306,-93.289053
Decatur AL (CBSA),5936.3636363636,818.1818181818,7.4545454545,5.4545454545,34.605925,-86.983342
Decatur IL (CBSA),4195.4545454546,636.3636363636,8,7,39.840315,-88.9548
Deltona-Daytona Beach-Ormond Beach FL (CBSA),18000,720,25.8,5,29.285813,-81.055889
Deming NM (CBSA),2550,1100,2.5,11,32.268698,-107.75864
Des Moines,36386.5625,156.25,59.5625,6.965,41.600545,-93.609106
Detroit (DMA),77750,650,126,3.25,42.331427,-83.045754
Detroit-Warren-Livonia MI (CBSA),68100,650,109.5,3.25,42.341216,-83.282919
Dothan (DMA),17884,500,36.125,17,31.223231,-85.390489
Dothan AL (CBSA),6312,600,11,8,31.223231,-85.390489
DuBois PA (CBSA),9175.8333333333,866.6666666667,10.8333333333,14,41.121012,-78.758326
Dubuque IA (CBSA),4579.4117647059,800,6.2352941176,6.7647058824,42.500558,-90.664572
Duluth MN-WI (CBSA),7824.2857142857,600,13.4285714286,5.5,46.786672,-92.100485
Duluth-Superior (DMA),9873.3333333333,480,21.1333333333,5.8666666667,47.723087,-86.940716
Dumas TX  (CBSA),991.25,400,2.5,11.75,47.723087,-86.940716
Durham NC (CBSA),17940,400,45.6666666667,10.3333333333,35.994033,-78.898619
Effingham IL (CBSA),1550,266.6666666667,7,13,39.120042,-88.543383
El Campo TX (CBSA),1691.6666666667,444.4444444444,4.1111111111,10.2222222222,29.19664,-96.269687
El Centro CA (CBSA),8022.7272727273,581.8181818182,14.9090909091,9.3636363636,32.792,-115.563051
El Dorado AR (CBSA),1828,600,3,8,33.20763,-92.666267
El Paso,10637.4166666667,156.25,17.2916666667,2.32,31.777576,-106.442456
El Paso (Las Cruces) (DMA),10600,566.6666666667,21.6666666667,2.6666666667,31.777576,-106.442456
El Paso TX (CBSA),20832,1040,22.6,3,31.777576,-106.442456
Elizabeth City NC (CBSA),2793.75,750,3.875,6.625,36.294601,-76.251046
Elk City OK (CBSA),600,200,3,9.5,35.411994,-99.404259
Elkhart-Goshen IN (CBSA),2700,300,10,4,41.582272,-85.834438
Elkins WV (CBSA),2836.25,950,3.8333333333,11.25,38.92594,-79.846735
Elko NV (CBSA),840,200,4,7,40.832421,-115.763123
Emporia KS (CBSA),1126,466.6666666667,2.6666666667,6,38.403903,-96.181663
Erie (DMA),26935,720,38.8,11.8,42.129224,-80.085059
Erie PA (CBSA),20383.3333333333,633.3333333333,34,14.5,42.129224,-80.085059
Escanaba MI (CBSA),1540,660,2.6,6.3,45.745247,-87.06458
Evanston WY (CBSA),683.3333333333,200,3.3333333333,17.6666666667,41.268279,-110.963237
Evansville (DMA),28296.6315789474,1031.5789473684,30.3684210526,5.1052631579,37.971559,-87.57109
Evansville IN-KY (CBSA),14847.1904761905,1000,16.1428571429,5.1904761905,37.971559,-87.57109
Fairmont WV (CBSA),2389.7777777778,422.2222222222,5.7777777778,8.5555555556,39.485085,-80.142578
Fargo ND-MN (CBSA),3533.3333333333,266.6666666667,12.6666666667,6.3333333333,46.877186,-96.789803
Fargo-Valley City (DMA),8966.6666666667,266.6666666667,34.6666666667,6.6666666667,40.717624,-111.930055
Farmington MO (CBSA),3113.3333333333,760,4.7333333333,6.6,37.780885,-90.421789
Farmington NM (CBSA),2750,775,3.625,3.375,36.728058,-108.218686
Fayetteville NC (CBSA),5247.2222222222,555.5555555556,11.2222222222,3.4444444444,35.052664,-78.878358
Fayetteville-Springdale-Rogers AR-MO (CBSA),8337.5,200,41.5,10.5,37.964253,-91.831833
Findlay OH (CBSA),1600,485.7142857143,4,4.1428571429,41.04422,-83.649932
Flint MI (CBSA),7500,400,19,5,43.012527,-83.687456
Flint-Saginaw-Bay City (DMA),25870,500,53.5,5.8333333333,43.594468,-83.888865
Florence SC (CBSA),966.6666666667,300,3.6666666667,1.3333333333,34.195433,-79.762562
Florence-Muscle Shoals AL (CBSA),7433.3333333333,822.2222222222,9.8888888889,6.8888888889,34.814856,-87.642664
Fond du Lac WI  (CBSA),1850,433.3333333333,4.6666666667,4.5,34.814856,-87.642664
Forest City NC (CBSA),1400,400,4,6,35.334011,-81.865103
Fort Collins-Loveland CO  (CBSA),3712.5,300,13,4,35.334011,-81.865103
Fort Dodge IA  (CBSA),800,400,2,6,40.447631,-105.010887
Fort Leonard Wood MO (CBSA),950,742.8571428571,1.4285714286,3.1428571429,37.725232,-92.164672
Fort Madison-Keokuk IA-MO (CBSA),1875,200,9.5,17.5,37.964253,-91.831833
Fort Myers-Naples (DMA),26070,620,47,4.4,26.516733,-81.564805
Fort Polk South LA (CBSA),1000,200,5,6,31.056712,-93.213123
Fort Smith AR-OK  (CBSA),2100,200,11,4,31.056712,-93.213123
Fort Wayne (DMA),12500,300,44,7.5,41.079273,-85.139351
Fort Wayne IN (CBSA),6750,300,24.5,5.5,41.079273,-85.139351
Frankfort KY (CBSA),2762.5,500,6.25,7.25,38.200906,-84.873284
Fredericksburg TX (CBSA),2400,200,12,36,30.275201,-98.871984
Fremont NE (CBSA),1482.75,650,2.5,6.75,41.433391,-96.498147
Fremont OH (CBSA),1416,440,3.6,5,41.35033,-83.121863
Fresno CA (CBSA),32460.75,700,54,7.5,36.746842,-119.772587
Fresno-Visalia (DMA),41198,500,83.25,5.5,36.292365,-119.210492
Ft. Smith,20325.1875,156.25,33.375,5.405625,35.385924,-94.398547
Gadsden AL (CBSA),5721.6363636364,854.5454545455,6.9090909091,6.2727272727,34.014264,-86.006639
Gainesville,11296.0625,156.25,18.5,6.889375,29.651634,-82.324826
Gainesville (DMA),7900,300,27,9.5,29.651634,-82.324826
Gainesville FL (CBSA),2600,300,9.5,3,29.651634,-82.324826
Gainesville GA (CBSA),3625,500,8.25,4.5,34.297879,-83.824066
Galesburg IL (CBSA),525,200,3,4,40.947816,-90.371239
Gallup NM (CBSA),2560,880,3.4,5,35.528078,-108.742584
Gettysburg PA (CBSA),5187,560,9.2,10.2,39.830929,-77.231095
Gillette WY (CBSA),1150,200,5.6666666667,10.3333333333,44.291092,-105.502221
Glasgow KY (CBSA),750,200,4,6,36.995884,-85.911921
Glendive MT (DMA),591.6666666667,200,3,27,47.106401,-104.710793
Glens Falls NY (CBSA),3450,300,12.5,10.5,43.309516,-73.644006
Goldsboro NC (CBSA),3602.5,750,5,4.125,35.384884,-77.992765
Grand Island NE (CBSA),3222.25,1000,3.25,5,40.926396,-98.342012
Grand Rapids-Kalmazoo-Battle Creek (DMA),34342.8571428571,471.4285714286,76.4285714286,4.8571428571,42.321152,-85.179714
Grand Rapids-Wyoming MI (CBSA),18370,440,45,5.2,42.883043,-85.72166
Grants NM (CBSA),2200,800,3,11.75,35.14726,-107.851447
Great Falls MT (CBSA),2031.25,550,4.75,6,47.494184,-111.283345
Greeley CO (CBSA),4550,200,23,8.5,40.423314,-104.709132
Green Bay WI (CBSA),5908.3333333333,500,12.8333333333,4.3333333333,44.519159,-88.019826
Greeneville TN (CBSA),1298.1428571429,342.8571428571,4,5.4285714286,36.163157,-82.830986
Greensboro-High Point NC (CBSA),13600,840,19.8,3,36.006141,-79.943753
Greensboro-High Point-Winston-Salem (DMA),35100,766.6666666667,54.3333333333,3.8333333333,36.09986,-80.244216
Greensburg IN (CBSA),1434.2857142857,457.1428571429,3.4285714286,11.7142857143,39.337272,-85.483581
Greenville MS (CBSA),3030.2222222222,688.8888888889,5.5555555556,9.8888888889,33.399661,-91.037703
Greenville NC (CBSA),8460.6666666667,500,16.5,9.3333333333,35.612661,-77.366354
Greenville OH (CBSA),4158.3333333333,800,5.6666666667,12.3333333333,40.102826,-84.633012
Greenville-New Bern-Washington (DMA),26166.4,720,36.4,5.6,35.552304,-77.066181
Greenwood MS (CBSA),1946.25,425,5.125,11.5,33.516232,-90.179528
Grenada MS (CBSA),1602.75,400,4.25,17,33.769005,-89.808419
Guymon OK  (CBSA),1410,360,4.4,22,30.41338,-89.072958
Hagerstown-Martinsburg MD-WV (CBSA),13493.4285714286,914.2857142857,14.7142857143,6.2857142857,38.597626,-80.454903
Hammond LA (CBSA),2221.7857142857,528.5714285714,4.7142857143,3.7857142857,30.504358,-90.4612
Hanford-Corcoran CA (CBSA),6351.75,700,10,7.75,36.098007,-119.560402
Hannibal MO (CBSA),3012.5,1000,3.25,9.0833333333,39.708379,-91.358482
Harrisburg-Carlisle PA (CBSA),8631.8181818182,545.4545454545,18.5454545455,3.8181818182,40.242763,-76.837283
Harrisonburg VA (CBSA),2812.5,300,10.25,6.25,38.449569,-78.868916
Hartford-New Haven (DMA),65533.2142857143,542.8571428571,127.7142857143,5.7142857143,38.971262,-81.982031
Hartford-West Hartford-East Hartford CT (CBSA),32336.3333333333,533.3333333333,65.8666666667,6.2666666667,41.795512,-72.713134
Hastings NE (CBSA),2013.25,1000,2.25,6,40.586258,-98.389873
Hattiesburg MS (CBSA),3735,630.7692307692,7.6153846154,5.6153846154,31.327119,-89.290339
Hays KS  (CBSA),500,200,3,7,31.468239,-89.335421
Helena (DMA),1100,320,3.6,5,46.588371,-112.024505
Helena MT (CBSA),1580,440,4.4,6.6,46.588371,-112.024505
Helena-West Helena AR (CBSA),1539.75,450,4,16.25,34.5291,-90.59
Henderson NC (CBSA),3000,500,6,12,36.329591,-78.399164
Hereford TX  (CBSA),944,480,2,12.2,36.329591,-78.399164
Hickory-Lenoir-Morganton NC (CBSA),8875,800,11.3333333333,3.5,35.745407,-81.684819
Hilton Head Island-Beaufort SC (CBSA),4800,200,24,12,32.216316,-80.752608
Hinesville-Fort Stewart GA (CBSA),1375,300,5,5.75,31.845702,-81.573434
Hobbs NM (CBSA),2800,650,5,9.25,32.702612,-103.13604
Holland MI (CBSA),3020,280,11.8,11,42.787524,-86.10893
Homosassa Springs FL (CBSA),3300,400,8.8333333333,6.5,28.803706,-82.576137
Hot Springs AR (CBSA),1633.3333333333,700,2.5,3,34.5037,-93.05518
Houghton MI (CBSA),2956.25,700,4.5,12.625,47.121133,-88.569418
Houma-Bayou Cane-Thibodaux LA (CBSA),4204.25,1100,3.975,2.25,29.795763,-90.822871
Houston,69809.7222222222,145.8333333333,125.9444444444,2.5772222222,29.760427,-95.369803
Huntingdon PA (CBSA),3200.125,1000,3.375,8,40.484796,-78.010281
Huntington IN (CBSA),850,200,4,10,40.883101,-85.497476
Huntington-Ashland WV-KY-OH (CBSA),4532,240,19.8,5.8,40.417287,-82.907123
Huntsville AL (CBSA),12718.5714285714,714.2857142857,19.2857142857,4.7142857143,34.730369,-86.586104
Huntsville TX (CBSA),2275,300,8.25,7.25,30.723526,-95.550777
Huron SD (CBSA),1977.5,500,4.5,22.25,44.363317,-98.214257
Hutchinson MN (CBSA),1190,300,4,11,44.892548,-94.369293
Idaho Falls ID (CBSA),2270,350,7,5.5,43.491651,-112.033965
Indiana PA (CBSA),9100,833.3333333333,12,16,40.621455,-79.152535
Indianapolis,45355,143.4210526316,79.2631578947,3.5426315789,39.768403,-86.158068
Indianapolis (DMA),45229,360,133.4,5.8,39.768403,-86.158068
Indianapolis-Carmel IN (CBSA),30100,500,63.75,4.25,39.962126,-86.119424
Indianola MS (CBSA),1355.5,350,4.25,11.25,33.450951,-90.655092
Ionia MI (CBSA),1864.2857142857,314.2857142857,6.7142857143,9.1428571429,42.987255,-85.071117
Iowa City IA (CBSA),2612.5,300,9,6,41.661128,-91.530168
Iron Mountain MI-WI (CBSA),1492.8571428572,685.7142857143,2.5714285714,7,45.820233,-88.06596
Jackson MI (CBSA),2466.6666666667,400,7,3.6666666667,42.245869,-84.401346
Jackson MS (CBSA),15752.7777777778,911.1111111111,17.8888888889,4,32.298757,-90.18481
Jackson OH (CBSA),739,266.6666666667,3.3333333333,7,39.052017,-82.636554
Jackson TN (DMA),2950,300,10.5,5,35.614517,-88.813947
Jacksonville,25723.125,156.25,42.125,3.04,30.332184,-81.655651
Jacksonville (DMA),20550,200,103,7,30.332184,-81.655651
Jacksonville FL (CBSA),20450,300,70.5,5.5,30.332184,-81.655651
Jacksonville IL (CBSA),1987.5,400,6.75,13.75,39.733936,-90.22901
Jacksonville NC  (CBSA),3000,300,10.5,5.5,39.733936,-90.22901
Jacksonville TX (CBSA),1389.2857142857,771.4285714286,2.2857142857,3.8571428571,31.963778,-95.270504
Janesville WI (CBSA),1690.8333333333,416.6666666667,4.5,2.9166666667,42.682789,-89.018722
Jasper IN (CBSA),3177.375,650,5.875,10.375,38.391442,-86.931109
Jefferson City MO (CBSA),7360,720,11,7.9,38.576702,-92.173516
Jefferson GA (CBSA),1000,200,5,4,34.117054,-83.572388
Johnson City TN (CBSA),2597.1538461539,384.6153846154,7.7692307692,4,36.31344,-82.353473
Johnstown PA (CBSA),10485.0769230769,753.8461538462,17.1538461538,13.0769230769,40.326741,-78.92197
Johnstown-Altoona (DMA),50142.3636363636,818.1818181818,62,10.0909090909,40.355568,-78.516433
Jonesboro (DMA),5313.3333333333,911.1111111111,6.1111111111,3.4444444444,35.842297,-90.704279
Jonesboro AR (CBSA),2937.2222222222,911.1111111111,3.6666666667,3.3333333333,35.842297,-90.704279
Joplin MO (CBSA),5717.2608695652,852.1739130435,7.3043478261,5.0434782609,37.084227,-94.513281
Joplin-Pittsburg (DMA),12175,766.6666666667,16.5833333333,5.6666666667,37.424084,-94.700308
Kalispell MT (CBSA),1116.6666666667,333.3333333333,3.6666666667,4,48.191989,-114.316813
Kansas City (DMA),60766.6666666667,466.6666666667,137.3333333333,7.3333333333,39.099727,-94.578567
Kansas City MO-KS (CBSA),79200,1033.3333333333,85,5.1666666667,39.099727,-94.578567
Kearney NE (CBSA),1640,650,2.75,5.5,40.69933,-99.081678
Kennett MO  (CBSA),1687.5,300,6,18,40.69933,-99.081678
Kerrville TX  (CBSA),3000,400,8,15,36.236176,-90.055649
Kill Devil Hills NC (CBSA),2200,200,11,27,36.030723,-75.67601
Killeen-Temple-Fort Hood TX (CBSA),5508.9285714286,642.8571428571,9.7857142857,2.3571428571,31.086873,-97.754137
Kingsport-Bristol-Bristol TN-VA (CBSA),4521.6666666667,400,12.4,3.9333333333,37.431573,-78.656894
Kinston NC (CBSA),3096.4444444445,733.3333333333,4.4444444444,7,35.262664,-77.581635
Kirksville MO (CBSA),3322.7272727273,1000,3.6363636364,13.0909090909,40.194754,-92.58325
Knoxville (DMA),14222.5,533.3333333333,28.6666666667,2.3333333333,35.960638,-83.920739
Knoxville TN (CBSA),10075.25,500,21.5,3,35.960638,-83.920739
Kokomo IN (CBSA),3033.3333333333,266.6666666667,11.6666666667,9,40.486427,-86.133603
La Crosse-Eau Claire (DMA),18778.4615384615,553.8461538462,34.3076923077,7.5384615385,44.811349,-91.498494
Lafayette IN (DMA),2375,300,8.5,4.5,40.416702,-86.875287
Lafayette LA (CBSA),17577.0588235294,870.5882352941,20.1176470588,5.1176470588,30.22409,-92.019843
Lafayette LA (DMA),6624,600,11,2,30.22409,-92.019843
Lafayette-West Lafayette IN (CBSA),2375,300,8.5,4,40.275349,-81.75096
LaGrange GA (CBSA),2750,500,6.25,7.5,33.036222,-85.032244
Lake Charles (DMA),8820.6666666667,1000,8.9166666667,4,30.226595,-93.217376
Lake Charles LA (CBSA),6838.3333333333,1000,7.25,4.3333333333,30.226595,-93.217376
Lake City FL (CBSA),2045,540,4.6,5.8,30.189676,-82.63929
Lake Havasu City-Kingman AZ (CBSA),6163.6363636364,472.7272727273,13.5454545455,6.7272727273,35.189443,-114.053006
Lamesa TX (CBSA),993.3333333333,466.6666666667,2.3333333333,19,32.7376,-101.950992
Lancaster PA (CBSA),19967.4166666667,466.6666666667,42.8333333333,9.9166666667,40.037876,-76.305514
Lansing-East Lansing MI (CBSA),10000,400,25,7,42.761259,-84.542783
Laramie WY (CBSA),950,200,4.6666666667,10,41.311367,-105.591101
Laredo (DMA),8518.75,1000,9,4.125,27.530567,-99.480324
Laredo TX (CBSA),6447.9166666667,1000,6.9166666667,3.5,27.530567,-99.480324
Las Cruces NM (CBSA),5355.5555555556,733.3333333333,7.4444444444,4.3333333333,32.31994,-106.763654
Las Vegas,20065.6875,156.25,33.5,2.11125,36.169941,-115.13983
Las Vegas (DMA),21325.6363636364,472.7272727273,48.2727272727,2.5454545455,36.169941,-115.13983
Las Vegas NM  (CBSA),3200,600,5.5,18,36.169941,-115.13983
Las Vegas-Paradise NV (CBSA),26118.1428571429,585.7142857143,44.9285714286,2.7142857143,36.097195,-115.146665
Laurel MS (CBSA),2289.2857142857,857.1428571429,3.3571428571,4.3571428571,31.694051,-89.130612
Laurinburg NC (CBSA),1250,600,2,7.5,34.774049,-79.462825
Lawrence KS (CBSA),2700,400,7.3333333333,5,38.971669,-95.23525
Lebanon MO (CBSA),1206.25,1000,1.25,3.625,37.680597,-92.663787
Lebanon PA (CBSA),4133.6666666667,466.6666666667,9.6666666667,7.3333333333,40.340925,-76.41135
Levelland TX (CBSA),663.3333333333,266.6666666667,2.3333333333,11.6666666667,33.587316,-102.37796
Lewisburg PA (CBSA),4037.5,1000,4,10,40.964529,-76.88441
Lewisburg TN (CBSA),2712.5,700,4.5,14.75,35.44924,-86.788889
Lewiston ID-WA (CBSA),1080,200,5.5,7,46.400409,-117.001189
Lewistown PA (CBSA),3375,1000,3.5,9,40.59924,-77.571382
Lexington NE (CBSA),1064.6666666667,466.6666666667,2.6666666667,9,40.78084,-99.741505
Lexington-Fayette KY (CBSA),11598.75,650,18.5,4,38.040584,-84.503716
Lincoln IL  (CBSA),750,200,4,9,38.040584,-84.503716
Little Rock-North Little Rock AR (CBSA),13892,740,20.7,3.5,34.833332,-92.253891
Little Rock-Pine Bluff (DMA),21125,500,44,3.75,34.228431,-92.003195
Lock Haven PA (CBSA),2833.3333333333,800,3.6666666667,10,41.137013,-77.446926
Longview TX (CBSA),5990.625,1000,6.625,3.75,32.500704,-94.740489
Los Angeles,255338.125,156.25,417.2083333333,3.0004166667,34.052234,-118.243685
Los Angeles (DMA),284611.363636364,1018.1818181818,301.6818181818,2.1818181818,34.052234,-118.243685
Lubbock (DMA),10021.6,400,26.6,7,33.577863,-101.855166
Lubbock TX (CBSA),8422.6666666667,600,16.0833333333,6.1666666667,33.577863,-101.855166
Ludington MI (CBSA),1837.5,425,5.375,14.5,43.955283,-86.452583
Lumberton NC (CBSA),1983.3333333333,466.6666666667,5.5,3.8333333333,34.61822,-79.008642
Macomb IL (CBSA),2187.5,300,7.25,25.5,40.459208,-90.671797
Madera CA (CBSA),8432,800,10.8333333333,8,36.961336,-120.060718
Madison IN (CBSA),1127.1428571429,457.1428571429,2.7142857143,7,38.735893,-85.379958
Madison WI (CBSA),6718,240,29.4,5.2,43.073052,-89.40123
Madisonville KY (CBSA),2899.5,780,4.3,8.5,37.328101,-87.498888
Manitowoc WI (CBSA),1541.6666666667,266.6666666667,6.3333333333,6.6666666667,44.088606,-87.657584
Mankato-North Mankato MN  (CBSA),1785,200,9,8,44.088606,-87.657584
Marinette WI-MI (CBSA),675,200,3,6,45.099985,-87.630662
Marion IN (CBSA),1225,300,4,4.5,40.558374,-85.659144
Marion NC (CBSA),2100,600,4,8,35.684013,-82.009274
Marion OH (CBSA),2277.2222222222,577.7777777778,4.6666666667,6.6666666667,40.58867,-83.128524
Marquette (DMA),6985,700,10.2,5.6,46.547583,-87.395595
Marquette MI (CBSA),2062.5,750,3,4.4166666667,46.547583,-87.395595
Marshall MN (CBSA),1130,200,6,22,44.448423,-95.791192
Marshall MO (CBSA),1437.5,575,3.125,12,39.123078,-93.19687
Marshall TX (CBSA),1370.8333333333,866.6666666667,1.8333333333,3,32.544871,-94.367418
Marshalltown IA  (CBSA),953.3333333333,400,2,6.3333333333,32.544871,-94.367418
Martinsville VA (CBSA),2812.5,600,5,7,36.691526,-79.872539
Maryville MO (CBSA),2025,300,7.25,32.25,40.346102,-94.872471
Mason City IA  (CBSA),700,300,2.5,3.5,40.346102,-94.872471
Mayfield KY (CBSA),1425,350,4.25,12,36.741724,-88.636715
McAlester OK  (CBSA),1350,200,7,7,36.741724,-88.636715
McComb MS (CBSA),1057,460,2.8,4.7,31.243787,-90.453153
McMinnville TN (CBSA),1023.75,616.6666666667,1.9166666667,4.4166666667,35.686589,-85.780145
Meadville PA (CBSA),8925,300,30,41,41.641444,-80.151448
Memphis,24436.5416666667,156.25,40.25,2.95375,35.149534,-90.04898
Menomonie WI (CBSA),1702.8571428572,600,3.1428571429,7.4285714286,44.875518,-91.919342
Merced CA (CBSA),7955,600,14,6,37.302163,-120.482968
Merrill WI (CBSA),1852.1428571429,1000,2.4285714286,8.4285714286,45.180522,-89.683459
Mexico MO (CBSA),1718.1818181818,509.0909090909,3.7272727273,14.4545454545,39.173065,-91.887271
Miami,76548,156.25,126.875,3.52625,25.76168,-80.19179
Miami OK  (CBSA),666.6666666667,200,3.6666666667,10,25.76168,-80.19179
Miami-Ft Lauderdale,11377.6666666667,75,38.3333333333,1.0733333333,26.099388,-80.13433
Midland MI (CBSA),3980,500,9.25,10,43.615583,-84.247212
Milledgeville GA (CBSA),1125,300,4,7,33.080143,-83.232099
Milwaukee,37083.0625,156.25,60.8125,3.4378125,43.038903,-87.906474
Milwaukee (DMA),40350,575,75.75,4,43.038903,-87.906474
Milwaukee-Waukesha-West Allis WI (CBSA),33750,700,53.375,4.125,43.016681,-88.007031
Minneapolis-St. Paul-Bloomington MN-WI (CBSA),22930,200,114.6666666667,4.6666666667,44.938911,-93.117755
Minneapolis/St. Paul,94235.5,156.25,158.125,4.489375,44.971669,-93.280613
Missoula (DMA),3025,266.6666666667,11.3333333333,4.6666666667,46.878718,-113.996586
Missoula MT (CBSA),2185,480,4.8,3.8,46.878718,-113.996586
Mitchell SD (CBSA),1402.1428571429,571.4285714286,2.8571428571,13.1428571429,43.709428,-98.029799
Moberly MO (CBSA),1425,516.6666666667,3.0833333333,12.6666666667,39.418369,-92.438237
Mobile AL (CBSA),15865.5555555556,933.3333333333,17.8888888889,5.2222222222,30.695366,-88.039891
Mobile-Pensacola (Fort Walton Beach) (DMA),54440.5555555556,911.1111111111,60.7777777778,5.4444444444,30.250639,-88.133507
Modesto CA (CBSA),10606.25,500,23.5,5,37.639097,-120.996878
Monroe LA (CBSA),4438.7272727273,854.5454545455,5.2727272727,3.7272727273,32.509311,-92.119301
Monroe MI (CBSA),4866.6666666667,400,13,10,41.916434,-83.39771
Montgomery AL (CBSA),12192,914.2857142857,13.4285714286,4.4285714286,32.366805,-86.299969
Montgomery-Selma (DMA),24116.5294117647,941.1764705882,28.2941176471,5.3529411765,32.412274,-87.032865
Morehead City NC (CBSA),3267.4285714286,600,5.5714285714,7.4285714286,34.722939,-76.726044
Morgan City LA (CBSA),1829,1100,1.756097561,3.9024390244,29.699375,-91.20677
Morgantown WV (CBSA),4407.75,375,12.25,7.75,39.629526,-79.955897
Morristown TN (CBSA),1675.625,375,4.5,4.125,36.213981,-83.294892
Moscow ID (CBSA),1360,500,2.75,6,46.732387,-117.000165
Mount Pleasant MI (CBSA),4046.6666666667,466.6666666667,11,14.6666666667,43.597807,-84.767514
Mount Vernon IL (CBSA),2286,440,5.8,10.8,38.317271,-88.90312
Mountain Home AR  (CBSA),596.6666666667,533.3333333333,1.3333333333,2.6666666667,38.317271,-88.90312
Mountain Home ID (CBSA),840,400,2,8,43.13295,-115.691197
Murray KY (CBSA),1706.25,300,5.5,11.5,36.610333,-88.314761
Muscatine IA  (CBSA),3250,200,16,31,36.610333,-88.314761
Muskegon-Norton Shores MI (CBSA),5385.7142857143,900,6.7142857143,4.1428571429,43.168904,-86.263946
Muskogee OK (CBSA),1575,250,6.5,8.75,35.747877,-95.369691
Nacogdoches TX (CBSA),2000,836.3636363636,2.4545454545,4,31.603513,-94.655487
Naples-Marco Island FL (CBSA),16333.3333333333,200,82,28,25.995001,-81.672501
Nashville (DMA),39200.7692307692,476.9230769231,83.3846153846,3.7692307692,36.162664,-86.781602
Nashville-Davidson--Murfreesboro TN (CBSA),21600,500,43.9375,2.8125,36.016739,-86.563252
Natchez MS-LA (CBSA),2173,883.3333333333,2.75,5.75,31.560444,-91.403171
Natchitoches LA (CBSA),2400,840,3.6,9.2,31.76072,-93.086275
New Bern NC (CBSA),4021.0909090909,690.9090909091,6.0909090909,5.3636363636,35.108493,-77.044114
New Castle IN (CBSA),633.3333333333,433.3333333333,2.1666666667,3.6666666667,39.928935,-85.370248
New Haven-Milford CT (CBSA),11742.5,200,59,8.25,41.230698,-73.064036
New Orleans (DMA),20000,200,100,7,29.951066,-90.071532
New Orleans-Metairie-Kenner LA (CBSA),15000,200,75,8,29.98453,-90.204452
New Ulm MN (CBSA),1388.3333333333,466.6666666667,3,12,44.314439,-94.459302
New York (Northern New Jersey),300105,156.25,494.375,9.6025,40.712784,-74.005941
New York (Westchester County),30383.3,100,76.9,10.375,40.712784,-74.005941
Newport TN (CBSA),1426.6666666667,300,4.8333333333,11,35.967041,-83.187658
Niles-Benton Harbor MI (CBSA),2712.5,350,8,4.75,42.104359,-86.445355
Norfolk NE (CBSA),1369.5,600,2.5,5,42.032723,-97.413755
North Port-Sarasota-Bradenton FL (CBSA),4375,300,15,2,27.044224,-82.235925
North Vernon IN (CBSA),1057.5,500,2.5,8,39.006165,-85.62358
Norwich-New London CT (CBSA),3830,466.6666666667,8.3333333333,4,41.524265,-72.07591
Ocala FL (CBSA),6266.6666666667,633.3333333333,10.6666666667,3.6666666667,29.187199,-82.140092
Oil City PA (CBSA),2855,760,4,8.8,41.433948,-79.706441
Okeechobee FL  (CBSA),1500,300,5,9,41.433948,-79.706441
Oklahoma City (DMA),29398.3333333333,450,79.3333333333,5.25,35.46756,-97.516428
Oklahoma City OK (CBSA),22535,560,42.3,3.8,35.46756,-97.516428
Olean NY  (CBSA),7400,533.3333333333,14.3333333333,19.3333333333,35.46756,-97.516428
Omaha-Council Bluffs NE-IA (CBSA),12329.1666666667,600,21.5,2.75,41.218364,-95.817993
Ontario OR-ID  (CBSA),900,200,5,6,41.218364,-95.817993
Opelousas-Eunice LA (CBSA),2327.2727272727,727.2727272727,3.0909090909,4.7272727273,30.494367,-92.417632
Orlando,92097.1875,156.25,152.6875,4.960625,28.538336,-81.379236
Orlando-Daytona Beach-Melbourne (DMA),23625,250,90.25,3,28.083627,-80.608109
Orlando-Kissimmee FL (CBSA),9310,320,30,1.6,28.283623,-81.40896
Oshkosh-Neenah WI (CBSA),1696.4285714286,457.1428571429,4.1428571429,2.2857142857,44.200397,-88.517852
Oskaloosa IA  (CBSA),800,400,2,6,44.200397,-88.517852
Oxford MS (CBSA),4020,720,5.8,9.8,34.366495,-89.519248
Oxford NC (CBSA),2750,600,5,6,36.3107,-78.590835
Oxnard-Thousand Oaks-Ventura CA  (CBSA),13125,300,44,5,36.3107,-78.590835
Ozark AL (CBSA),2700,200,14,21,31.459058,-85.640493
Paducah KY-IL (CBSA),3150,555.5555555556,6.2222222222,6.8888888889,37.083389,-88.600048
Paducah-Cape Girardeau-Harrisburg (DMA),25125,485.7142857143,52.1428571429,6.5714285714,40.273191,-76.886701
Palatka FL (CBSA),2250,400,6,8,29.64858,-81.637582
Palestine TX (CBSA),1260,520,2.8,4.2,31.762115,-95.630789
Palm Bay-Melbourne-Titusville FL (CBSA),20001,720,28.6,6.2,28.612219,-80.807554
Pampa TX  (CBSA),1111.25,500,2,9.5,28.612219,-80.807554
Panama City (DMA),13364.5652173913,713.0434782609,20,6.2173913043,8.983333,-79.516667
Panama City-Lynn Haven FL (CBSA),9822.25,1100,9.925,6,30.212401,-85.649614
Paragould AR (CBSA),1410,840,2,5.6,36.058402,-90.497329
Parkersburg-Marietta-Vienna WV-OH (CBSA),2315,200,12,7,39.263721,-81.555488
Pensacola-Ferry Pass-Brent FL (CBSA),20907.1428571429,971.4285714286,22.0714285714,5.8571428571,30.471042,-87.231054
Philadelphia,136293.25,156.25,224.1666666667,3.5841666667,39.952584,-75.165222
Philadelphia (DMA),75000,300,255,4,39.952584,-75.165222
Phoenix,123595.375,156.25,206.25,5.26375,33.448377,-112.074037
Phoenix AZ (CBSA),73500,433.3333333333,193.6666666667,5.8333333333,33.448377,-112.074037
Phoenix AZ (DMA),95000,300,332.5,8.5,33.448377,-112.074037
Picayune MS (CBSA),2669.1666666667,750,4.3333333333,8.25,30.525469,-89.679508
Pierre SD (CBSA),1695,200,8,34,44.368316,-100.350967
Pine Bluff AR (CBSA),1500,500,3.5,3,34.228431,-92.003195
Pittsburg KS (CBSA),895.8,360,3.2,6.2,37.410884,-94.70496
Pittsburgh (DMA),59475,650,106,4.5,40.440625,-79.995886
Pittsburgh PA (CBSA),115932.411764706,905.8823529412,135.4705882353,7.1176470588,40.440625,-79.995886
Pittsfield MA (CBSA),6766.6666666667,800,9,8,42.450085,-73.245382
Plainview TX (CBSA),1287.375,475,3.25,8,34.184794,-101.706842
Platteville WI (CBSA),1200,200,6,8,42.73416,-90.478462
Plattsburgh NY (CBSA),2478.5714285714,457.1428571429,5.8571428571,7.7142857143,44.699487,-73.452912
Plymouth IN (CBSA),1316.6666666667,400,3.6666666667,6.6666666667,41.343655,-86.309728
Point Pleasant WV-OH (CBSA),1231.6666666667,200,6,9.3333333333,38.844525,-82.137089
Ponca City OK  (CBSA),2800,400,7,16,38.844525,-82.137089
Poplar Bluff MO (CBSA),3659.0909090909,636.3636363636,7,15.2727272727,36.756999,-90.392888
Port Clinton OH (CBSA),1620,500,3.75,7.5,41.511995,-82.937692
Port St. Lucie-Fort Pierce FL (CBSA),9913.75,500,20,5.5,27.48397,-80.373589
Portland,59847.625,156.25,103.125,4.13,45.523062,-122.676482
Portland OR (DMA),46783.5,1100,46.7,2.1,45.523062,-122.676482
Portsmouth OH (CBSA),989,250,4.25,5.5,38.731743,-82.997674
Pottsville PA  (CBSA),2400,200,12,10,38.731743,-82.997674
Providence-New Bedford (DMA),19200,500,42.25,3.25,41.667668,-70.904307
Pueblo CO (CBSA),3698.3333333333,466.6666666667,8.5833333333,5.25,38.254447,-104.609141
Pullman WA  (CBSA),1700,300,6,11,38.254447,-104.609141
Punta Gorda FL (CBSA),4860,300,16,9,26.929784,-82.045366
Quincy IL-MO (CBSA),5716.6666666667,433.3333333333,14.8333333333,18.1666666667,39.935602,-91.409873
Racine WI  (CBSA),2600,200,13,7,42.252877,-71.002271
Raleigh-Cary NC (CBSA),50100,400,115.5,11.5,35.794842,-78.749778
Rapid City (DMA),10581.875,675,19.75,9.125,44.080543,-103.231015
Rapid City SD  (CBSA),7765.7142857143,1028.5714285714,9,8.4285714286,44.080543,-103.231015
Reading PA (CBSA),16605,760,23.9,7.3,40.335648,-75.926875
Redding CA (CBSA),3151,300,10.5,4,40.58654,-122.391675
Reno,20514.8125,156.25,33.5,6.166875,39.529633,-119.813803
Reno NV (DMA),52500,400,131,24,39.529633,-119.813803
Rexburg ID (CBSA),630,300,2,6,43.82311,-111.792424
Richmond IN (CBSA),1266.6666666667,433.3333333333,3.3333333333,3.8333333333,39.828937,-84.890238
Richmond VA (CBSA),20033.75,500,41.25,4.0833333333,37.540725,-77.436048
Riverside-San Bernardino-Ontario CA (CBSA),29980,560,79.2,2.2,34.063344,-117.650888
Riverton WY (CBSA),1083.3333333333,200,5.3333333333,12.3333333333,43.024959,-108.380104
Roanoke Rapids NC (CBSA),3197.1428571429,742.8571428571,4.4285714286,6.4285714286,36.46154,-77.654146
Roanoke VA (CBSA),8490.2777777778,744.4444444444,12.6111111111,4.5555555556,37.27097,-79.941427
Roanoke-Lynchburg (DMA),16781.25,500,34.75,3.75,37.290338,-80.034526
Rochester NY (CBSA),37325,733.3333333333,52.75,5.9166666667,43.16103,-77.610922
Rochester NY (DMA),35908.3333333333,733.3333333333,51,5.8333333333,43.16103,-77.610922
Rock Springs WY (CBSA),950,200,4.5,9.5,41.587464,-109.202904
Rockford IL (CBSA),8437.5,575,17.125,6.125,42.271131,-89.093995
Rockingham NC (CBSA),1350,300,5,7,34.93932,-79.773946
Rocky Mount NC (CBSA),5378.25,750,7.375,5.625,35.93821,-77.790534
Rolla MO (CBSA),2653.8461538462,676.9230769231,4.3846153846,8.8461538462,37.948544,-91.77153
Rome GA (CBSA),2835.5263157895,884.2105263158,3.7368421053,3.9473684211,34.257038,-85.164673
Roswell NM (CBSA),1700,500,3.5,6.5,33.394266,-104.523024
Russellville AR (CBSA),1600,720,2.4,3,35.278417,-93.133786
Sacramento,72659.7083333333,156.25,119.5,3.6733333333,38.581572,-121.4944
Saginaw-Saginaw Township North MI (CBSA),7970,800,10.5,6.25,43.46009,-84.006109
Saint Joseph (DMA),5982.1428571429,600,12.1428571429,10.5714285714,39.767458,-94.846681
Salina KS  (CBSA),600,200,3,4,44.942898,-123.035096
Salisbury,11299.875,156.25,18.8333333333,5.6225,51.068785,-1.794472
San Angelo TX (CBSA),3558.3333333333,766.6666666667,5.5,5,31.463772,-100.437037
San Antonio,29200.28125,156.25,47.78125,2.4753125,29.424122,-98.493628
San Antonio (DMA),56840,840,90,4.6,29.424122,-98.493628
San Antonio TX (CBSA),59400,840,85.6,5,29.424122,-98.493628
San Diego,63782.875,156.25,104.5,4.1866666667,32.715738,-117.161084
San Diego (DMA),62375,300,212,7.5,32.715738,-117.161084
San Diego-Carlsbad-San Marcos CA (CBSA),62375,300,212,7.5,33.120028,-117.207714
San Francisco,114990.576923077,149.0384615385,193.8846153846,3.4334615385,37.77493,-122.419416
San Luis Obispo-Paso Robles CA  (CBSA),7500,400,19,6,18.466334,-66.105722
Sanford NC (CBSA),1200,400,3,6,35.479876,-79.180299
Savannah (DMA),14080,380,41.5,5.1,32.083541,-81.099834
Savannah GA (CBSA),9938.4615384615,723.0769230769,18.5384615385,5.0769230769,32.083541,-81.099834
Sayre PA (CBSA),5100,600,9,16,41.978963,-76.515499
Scottsbluff NE (CBSA),1150,200,5.6666666667,13.6666666667,41.866634,-103.667166
Scranton--Wilkes-Barre PA (CBSA),16392.8571428571,742.8571428571,20.7857142857,4.5,41.336246,-75.731149
Searcy AR (CBSA),1350,500,3,4.5,35.24682,-91.733685
Seattle/Tacoma,151865.05,142.5,261,6.6745,47.45025,-122.308817
Sebastian-Vero Beach FL (CBSA),6000,200,30,20,27.813598,-80.493329
Sebring FL (CBSA),4224.0833333333,733.3333333333,6.1666666667,6.25,27.495592,-81.440907
Selinsgrove PA (CBSA),3400,1000,3.5,10,40.798974,-76.862193
Selma AL (CBSA),2568,800,3,10,32.407359,-87.021101
Sevierville TN (CBSA),2216.6666666667,466.6666666667,5,7,35.868146,-83.561835
Seymour IN (CBSA),1470,457.1428571429,3.5714285714,7.5714285714,38.95922,-85.890255
Shawano WI Micro (CBSA),1305,360,4,6.8,44.782206,-88.608992
Shawnee OK (CBSA),1460,266.6666666667,6.6666666667,6.3333333333,35.327293,-96.9253
Sheboygan WI (CBSA),3758.8888888889,755.5555555556,6,5.2222222222,43.750828,-87.71453
Shelby NC (CBSA),2100,600,4,5,35.292351,-81.535646
Shelbyville TN  (CBSA),1053.8461538462,476.9230769231,2.5384615385,4.6153846154,35.292351,-81.535646
Sheridan WY (CBSA),816.6666666667,200,4,11.3333333333,44.797194,-106.956179
Shreveport (DMA),16946.875,925,20.4375,2.625,32.525152,-93.750179
Shreveport-Bossier City LA (CBSA),8265,812.5,12.4375,3.1875,32.525152,-93.750179
Sidney OH (CBSA),3577.5,1020,4.4,8.1,40.284216,-84.155499
Sikeston MO (CBSA),1955,400,5.6,12.6,36.876719,-89.587858
Silver City NM (CBSA),2142.8571428572,714.2857142857,3.2857142857,10.7142857143,32.770075,-108.280326
Sioux Falls (Mitchell) (DMA),23929,560,50.8,9,43.544596,-96.731103
Sioux Falls SD  (CBSA),8481.6666666667,800,14.5555555556,6.2222222222,43.544596,-96.731103
Snyder TX (CBSA),852.1666666667,300,3,14.3333333333,32.717886,-100.917618
Somerset KY (CBSA),1200,400,3,4,37.092022,-84.604108
Somerset PA (CBSA),10437.8333333333,866.6666666667,11.3333333333,18,40.008411,-79.078083
Spearfish SD (CBSA),1090,200,5,15,44.490817,-103.85937
Spokane (DMA),22555.5555555556,400,60.5555555556,6.3333333333,47.65878,-117.426047
Spokane WA (CBSA),14843.1818181818,727.2727272727,22.2727272727,5.0909090909,47.65878,-117.426047
Springfield MA (CBSA),26710,550,49.4375,9.1875,42.101483,-72.589811
Springfield MO (CBSA),6349.3636363636,654.5454545455,11.8181818182,3.0909090909,37.208957,-93.292299
Springfield MO (DMA),19730.7692307692,800,28.0769230769,3.0769230769,37.208957,-93.292299
Springfield OH (CBSA),5083.3333333333,716.6666666667,7.25,5.9166666667,39.924227,-83.808817
Springfield-Holyoke (DMA),31689,600,53.4,9.0666666667,42.217209,-72.626944
St. Cloud MN (CBSA),4944.4444444445,422.2222222222,12.2222222222,6.1111111111,45.557945,-94.16324
St. Joseph MO-KS (CBSA),5340.5714285714,671.4285714286,10.5,9,39.767458,-94.846681
St. Louis MO-IL (CBSA),31190,280,110.6,5.2,38.627003,-90.199404
Starkville MS (CBSA),2447.25,650,5.25,8,33.4504,-88.818387
State College PA (CBSA),6750,400,17,12.5,40.793395,-77.860001
Staunton-Waynesboro VA (CBSA),3545.8333333333,400,9.5,7.8333333333,38.068469,-78.889468
Sterling IL  (CBSA),1250,200,6,13,38.068469,-78.889468
Stevens Point WI (CBSA),4581,1200,4.0666666667,6.3333333333,44.523579,-89.574563
Stillwater OK (CBSA),3550,400,10.5,11,36.115607,-97.058368
Sulphur Springs TX (CBSA),1195,600,2.6,6.4,33.138448,-95.601067
Summerville GA (CBSA),1600,1200,1.2,6.6,34.480642,-85.347734
Sweetwater TX (CBSA),766.6666666667,466.6666666667,2.3333333333,13,32.470952,-100.405938
Syracuse (DMA),41500,1000,43.5,5.75,43.048122,-76.147424
Syracuse NY (CBSA),15750,750,21,4,43.048122,-76.147424
Tahlequah OK  (CBSA),2875,600,5.5,10.5,43.048122,-76.147424
Talladega-Sylacauga AL (CBSA),7073.3333333333,800,9.3333333333,10,33.173172,-86.251641
Tallahassee FL (CBSA),8700,580,16.6,4.9,30.438256,-84.280733
Tampa,72650.4375,156.25,120.125,3.354375,27.950575,-82.457178
Tampa-Saint Petersburg (Sarasota) (DMA),58306.8888888889,466.6666666667,129.4444444444,3.2222222222,27.84987,-82.482768
Tampa-St. Petersburg-Clearwater FL (CBSA),12025,200,60,3,28.036547,-82.681172
Taylorville IL (CBSA),2150,300,7.5,20.5,39.548935,-89.294533
Terre Haute (DMA),5322.5,540,11.3,3.3,39.466703,-87.413909
Terre Haute IN (CBSA),2619.4444444445,555.5555555556,5.3333333333,3,39.466703,-87.413909
The Villages FL (CBSA),3110,320,10.6,7.6,28.927019,-82.003761
Thomasville GA  (CBSA),1650,350,5.75,10.25,28.927019,-82.003761
Tiffin OH (CBSA),1730,500,3.75,7,41.114499,-83.177975
Toledo (DMA),24860.5,540,48,5.5,41.663938,-83.555212
Toledo OH (CBSA),16866.5384615385,784.6153846154,20,3.9230769231,41.663938,-83.555212
Topeka (DMA),6481,300,22,5.5,39.055824,-95.689018
Topeka KS (CBSA),4412.4,460,10.7,5.3,39.055824,-95.689018
Tri-Cities TN-VA (DMA),8906.0666666667,400,23.4,3.4,36.450067,-82.531105
Troy AL (CBSA),1347.7142857143,457.1428571429,3.1428571429,8.1428571429,31.808768,-85.969951
Tucson,23490.7619047619,142.8571428571,40.5714285714,4.4504761905,32.221743,-110.926479
Tulsa OK (CBSA),15211.7647058824,564.7058823529,29.4705882353,3.6470588235,36.153982,-95.992775
Tupelo MS (CBSA),8135.7142857143,914.2857142857,9.2857142857,7.2857142857,34.257607,-88.703386
Tuscaloosa AL (CBSA),9364.75,1100,9.35,4.1,33.209841,-87.569173
Twin Falls ID (CBSA),2050,350,6.5,6,42.562967,-114.460871
Urbana OH (CBSA),1025,300,3.5,10,40.108391,-83.75243
Van Wert OH (CBSA),1841.25,700,3,9,40.869493,-84.584122
Vermillion SD  (CBSA),1130,200,6,51,40.869493,-84.584122
Vernal UT  (CBSA),700,200,3.5,13,42.779442,-96.92921
Vicksburg MS (CBSA),2908.3333333333,800,4,8,32.352646,-90.877882
Victoria TX (CBSA),1590,520,3,3.8,28.805267,-97.003598
Vincennes IN (CBSA),1144.4444444445,511.1111111111,2.5555555556,6.5555555556,38.677269,-87.528633
Virginia Beach-Norfolk-Newport News VA-NC (CBSA),29750,300,100.5,7,35.759573,-79.0193
Visalia-Porterville CA (CBSA),11370.125,800,14.625,4.5,36.06523,-119.016768
Wabash IN (CBSA),1550,400,4.6666666667,14.3333333333,40.797821,-85.820541
Waco TX (CBSA),3440,626.6666666667,6,2.4666666667,31.549333,-97.14667
Waco-Temple-Bryan (DMA),9184.6153846154,569.2307692308,17.5384615385,2.1538461538,31.549333,-97.14667
Walla Walla WA  (CBSA),1260,200,6,12,31.549333,-97.14667
Wapakoneta OH (CBSA),1913.3333333333,733.3333333333,3.3333333333,7.1666666667,40.567827,-84.193559
Warner Robins GA (CBSA),5066.6666666667,555.5555555556,9.8888888889,5.7777777778,32.613001,-83.624201
Warren PA (CBSA),4775,800,6,17.3333333333,41.843949,-79.145044
Warrensburg MO (CBSA),1500,425,4.125,7.375,38.762789,-93.73605
Warsaw IN (CBSA),1350,300,5,6.5,41.2381,-85.853047
Washington Court House OH Micro (CBSA),2231.8181818182,1036.3636363636,2.7272727273,10.0909090909,39.536451,-83.439084
Washington D.C.,342597.875,156.25,556.5652173913,11.0141666667,38.907192,-77.036871
Washington IN (CBSA),937.5,400,2.8333333333,8.3333333333,38.659215,-87.172789
Washington NC (CBSA),2712.75,750,3.625,8.625,35.546552,-77.052174
Waterloo-Cedar Falls IA  (CBSA),7754.1666666667,816.6666666667,10.0833333333,6.4166666667,48.198712,-122.125142
Watertown (DMA),3750,600,6,3,42.37093,-71.182832
Watertown SD (CBSA),950,350,3,9,44.899409,-97.115073
Watertown-Fort Atkinson WI (CBSA),2050,400,6,6.8333333333,42.928894,-88.837051
Watertown-Fort Drum NY (CBSA),500,400,1,1,44.055837,-75.759545
Wauchula FL (CBSA),1593,680,3,9.8,27.547259,-81.811471
Wausau WI (CBSA),5868.0769230769,1107.6923076923,5.3846153846,4.9230769231,44.959135,-89.630122
Wausau-Rhinelander (DMA),20160.3125,937.5,23.5625,6.4375,45.610836,-89.526737
Weirton-Steubenville WV-OH (CBSA),5320,880,6.8,6.2,40.417287,-82.907123
Wenatchee WA (CBSA),2668.75,825,3,3.375,47.42346,-120.310349
West Palm Beach,85259.25,156.25,140.375,8.7425,26.715342,-80.053375
West Palm Beach-Fort Pierce (DMA),21527,266.6666666667,82,5.3333333333,27.529312,-80.359057
West Plains MO (CBSA),840,560,2,4.2,36.728115,-91.852371
Wheeling WV-OH (CBSA),6000,1000,6.5,4.5,40.063962,-80.720915
Wheeling-Steubenville (DMA),11470,1100,11.75,3.9,40.317407,-80.603549
Whitewater WI (CBSA),2692,320,8.4,8.4,42.83362,-88.732327
Wichita,20320.6875,156.25,33.5,3.68875,37.688889,-97.336111
Wichita KS (CBSA),9540,300,32,7,37.688889,-97.336111
Wilkes Barre-Scranton (DMA),51600,766.6666666667,62.8333333333,4.8333333333,41.336246,-75.731149
Williamsport PA (CBSA),7083.3333333333,866.6666666667,8.8333333333,8,41.24119,-77.001079
Willmar MN (CBSA),1897,440,4.4,11,45.122371,-95.048659
Wilmington (DMA),7344,320,22.8,5.4,39.739072,-75.539788
Wilmington NC (CBSA),5200,300,18,8,34.225726,-77.94471
Wilson NC (CBSA),3913,750,5.375,7.625,35.721269,-77.91554
Winchester VA-WV (CBSA),2500,200,12.5,9,39.18566,-78.163334
Wisconsin Rapids-Marshfield WI Micro (CBSA),4675.625,950,5.125,8.125,44.383576,-89.817346
Worthington MN (CBSA),1003.75,250,4.5,18.75,43.621099,-95.594144
Yakima WA (CBSA),6083.3333333333,400,14.6666666667,7.8333333333,46.602071,-120.505899
Yakima-Pasco-Richland-Kennewick (DMA),7650,200,38.5,7,46.45679,-119.451483
Yankton SD (CBSA),1412.5,300,5,16,42.871109,-97.397281
York-Hanover PA (CBSA),16311.3846153846,446.1538461538,35.1538461538,9.0769230769,39.800655,-76.983036
Youngstown-Warren-Boardman OH-PA (CBSA),17915.3846153846,861.5384615385,24.1538461538,5.2307692308,41.079933,-80.66321
Yuma AZ (CBSA),6810,573.3333333333,13.3333333333,7.3333333333,32.692651,-114.627692
Yuma-El Centro (DMA),11150,492.3076923077,22.8461538462,7.7692307692,32.700749,-114.526076
Zanesville (DMA),4000,300,15.5,10.5,39.940345,-82.013192
Zanesville OH (CBSA),5000,466.6666666667,13.3333333333,10.3333333333,39.940345,-82.013192
